{
  "width": 67,
  "height": 82,
  "uMin": -2.814692258834839,
  "uMax": 7.741311073303223,
  "vMin": -0.569666862487793,
  "vMax": 9.538482666015625,
  "extentLCC": [-180000.0, -585000.0, 423000.0, 153000.0],
  "speedMax": 9.882868543621951
}
